{
    "loss": 1.9301427602767944,
    "accuracy": 0.7777777910232544
}